gas,brake,rpm,steer,speed,g_force_x,g_force_y,g_force_z,wheel_slip_front_left,wheel_slip_front_right,wheel_slip_rear_left,wheel_slip_rear_right,pressure_front_left,pressure_front_right,pressure_rear_left,pressure_rear_right,tyre_temp_front_left,tyre_temp_front_right,tyre_temp_rear_left,tyre_temp_rear_right,air_temp,road_temp,yaw_rate,current_time_str,normalized_car_position,wind_speed,wind_direction,result
0.0,0.0,2350,0.0,0.0022015210706740618,0.0,0.0,0.0,0.09286379814147949,0.09417855739593506,0.10427642613649368,0.09922048449516296,21.746875762939453,21.746875762939453,21.746875762939453,21.746875762939453,80.0,80.0,80.0,80.0,34.0,47.0,0.0006153315189294517,0:06:249,0.9942487478256226,0.0,0.0,neutro
0.0,0.0,2350,0.0,0.0045585231855511665,0.0,0.0,0.0,0.0938197448849678,0.09365265816450119,0.09898658841848373,0.10413514077663422,21.746875762939453,21.746875762939453,21.746875762939453,21.746875762939453,80.0,80.0,80.0,80.0,34.0,47.0,-0.0005817377241328359,0:07:272,0.9942487478256226,0.0,0.0,neutro
0.0,0.0,2350,0.0,0.0012670587748289108,0.0,0.0,0.0,0.09203475713729858,0.09479841589927673,0.10163825005292892,0.10185113549232483,21.746875762939453,21.746875762939453,21.746875762939453,21.746875762939453,80.0,80.0,80.0,80.0,34.0,47.0,0.000357476354110986,0:08:295,0.9942487478256226,0.0,0.0,neutro
0.6000000238418579,0.0,4369,0.0,0.00290746265091002,0.0,0.0,0.0,0.09146348387002945,0.09640412777662277,0.09792830049991608,0.10523660480976105,21.746875762939453,21.746875762939453,21.746875762939453,21.746875762939453,80.0,80.0,80.0,80.0,34.0,47.0,-0.0005752267315983772,0:09:315,0.9942487478256226,0.0,0.0,neutro
0.8392157554626465,0.0,2603,0.0,14.151233673095703,0.38189074397087097,0.0003076464927289635,-0.0031889458186924458,0.07813288271427155,0.07057128846645355,0.19863949716091156,0.19473686814308167,21.741634368896484,21.741634368896484,21.743247985839844,21.743247985839844,79.94921875,79.94921875,79.96484375,79.96484375,34.0,47.0,0.00011091648775618523,0:10:338,0.9946423172950745,0.0,0.0,neutro
1.0,0.0,3264,0.0,32.87175750732422,0.17429055273532867,-0.0038505105767399073,0.1172051876783371,0.07812028378248215,0.07372316718101501,0.24040259420871735,0.23883727192878723,21.727754592895508,21.727754592895508,21.7336368560791,21.7336368560791,79.81472778320312,79.81472778320312,79.87173461914062,79.87173461914062,34.0,47.0,0.00015652907313778996,0:11:358,0.9959143400192261,0.0,0.0,neutro
0.9764706492424011,0.0,5864,0.0,62.08929443359375,0.9686906933784485,-0.0010347164934501052,0.004550959449261427,0.0806727409362793,0.0748121440410614,0.7146413922309875,0.7129108905792236,21.706295013427734,21.706314086914062,21.724002838134766,21.724002838134766,79.60675811767578,79.60694122314453,79.77835083007812,79.77835083007812,34.0,47.0,0.001072683953680098,0:12:378,0.9984074831008911,0.0,0.0,neutro
0.9764706492424011,0.0,6032,-0.003646910423412919,98.02919006347656,0.9905204176902771,0.03893953934311867,-0.06825897842645645,0.07269984483718872,0.07690686732530594,0.716157078742981,0.7095791697502136,21.682941436767578,21.682960510253906,21.714859008789062,21.714942932128906,79.38041687011719,79.38059997558594,79.68973541259766,79.69053649902344,34.0,47.0,0.01761036179959774,0:13:401,0.002719591837376356,0.0,0.0,neutro
1.0,0.0,8291,0.0,135.37010192871094,1.0749565362930298,0.04257749766111374,-0.0033392796758562326,0.06987570971250534,0.07654473185539246,0.7228546142578125,0.7215891480445862,21.660053253173828,21.66021728515625,21.710918426513672,21.71114730834961,79.15866088867188,79.16020965576172,79.65157318115234,79.65376281738281,34.0,47.0,0.011780881322920322,0:14:421,0.009027223102748394,0.0,0.0,neutro
0.9411765336990356,0.0,7658,0.011662774719297886,167.36827087402344,0.7552635073661804,-0.09761499613523483,-0.06993214786052704,0.09681770950555801,0.04047481715679169,0.3998129367828369,0.4092407822608948,21.641056060791016,21.641864776611328,21.718299865722656,21.719470977783203,78.9745101928711,78.98235321044922,79.72308349609375,79.73443603515625,34.0,47.0,-0.03559321537613869,0:15:441,0.017240099608898163,0.0,0.0,neutro
0.0,0.5176470875740051,7475,0.0,173.0690155029297,-1.2922000885009766,0.022242026403546333,0.11979736387729645,0.1446000635623932,0.16142301261425018,0.20537495613098145,0.20979788899421692,21.621665954589844,21.62329864501953,21.728900909423828,21.73023223876953,78.78662109375,78.80243682861328,79.82575988769531,79.83867645263672,34.0,47.0,0.0030452292412519455,0:16:461,0.02678970992565155,0.0,0.0,neutro
0.0,0.40392160415649414,7138,0.0,134.43963623046875,-0.9947003126144409,0.015549244359135628,-0.04621732234954834,0.16519750654697418,0.1623140424489975,0.3061404228210449,0.30406200885772705,21.600311279296875,21.60327911376953,21.73253631591797,21.73493194580078,78.58023834228516,78.60901641845703,79.86162567138672,79.88483428955078,34.0,47.0,-0.0008464145357720554,0:17:484,0.035052135586738586,0.0,0.0,neutro
0.0,1.0,2382,0.0,66.7264175415039,-1.7546576261520386,-0.0039555723778903484,0.016109483316540718,9.418987274169922,9.412568092346191,9.53471565246582,9.534152030944824,21.587635040283203,21.590351104736328,21.73776626586914,21.741016387939453,78.45761108398438,78.48394012451172,79.91252136230469,79.9439926147461,34.0,47.0,0.0013830309035256505,0:18:483,0.040444515645504,0.0,0.0,neutro
0.6313725709915161,0.0,3018,-0.018754953518509865,51.16470718383789,0.14366649091243744,0.06138052046298981,0.05096714571118355,0.05960586667060852,0.08972116559743881,0.15238358080387115,0.13729670643806458,21.611236572265625,21.613208770751953,21.764278411865234,21.768550872802734,78.68653869628906,78.70564270019531,80.16964721679688,80.2110366821289,34.0,47.0,0.02818243019282818,0:19:506,0.04322189837694168,0.0,0.0,neutro
0.5803921818733215,0.0,5505,-0.00036263896618038416,61.848411560058594,0.5251571536064148,-0.05194716155529022,0.03030402399599552,0.0865197479724884,0.06527218222618103,0.27679815888404846,0.2641485035419464,21.630897521972656,21.633106231689453,21.788837432861328,21.79339599609375,78.87720489501953,78.89859008789062,80.40775299072266,80.45194244384766,34.0,47.0,-0.001907620346173644,0:20:526,0.046149738132953644,0.0,0.0,neutro
0.5490196347236633,0.0,7312,-0.4842720031738281,79.09794616699219,0.12891873717308044,1.3482087850570679,-0.28892603516578674,1.0127893686294556,1.1825759410858154,1.0102392435073853,0.5666671991348267,21.64653778076172,21.650245666503906,21.809818267822266,21.816856384277344,79.0289077758789,79.06485748291016,80.61121368408203,80.67942810058594,34.0,47.0,0.8838917016983032,0:21:549,0.04979562759399414,0.0,0.0,sottosterzo
0.5176470875740051,0.0,7751,-0.024326637387275696,86.3726577758789,0.4725383520126343,1.1530263423919678,0.015242254361510277,0.024277320131659508,0.16019068658351898,0.6287960410118103,0.6214950680732727,21.6595401763916,21.674219131469727,21.828676223754883,21.843347549438477,79.15522766113281,79.29755401611328,80.79435729980469,80.93655395507812,34.0,47.0,0.348274827003479,0:22:569,0.05395020544528961,0.0,0.0,neutro_alto_grip
0.3176470696926117,0.0,7317,0.0,83.9049072265625,0.11291009187698364,0.0036082712467759848,-0.016305532306432724,0.07453153282403946,0.06828339397907257,0.12362000346183777,0.12038884311914444,21.668231964111328,21.69567108154297,21.845367431640625,21.86636734008789,79.23990631103516,79.50580596923828,80.95653533935547,81.16002655029297,34.0,47.0,0.0014891623286530375,0:23:589,0.05855622887611389,0.0,0.0,neutro
0.48235297203063965,0.0,8036,-0.017130374908447266,91.63304138183594,0.3057618737220764,0.1351998895406723,0.07666236162185669,0.050871990621089935,0.09506488591432571,0.1715434193611145,0.16669049859046936,21.672603607177734,21.71216583251953,21.859424591064453,21.884700775146484,79.28279113769531,79.66621398925781,81.09333038330078,81.33829498291016,34.0,47.0,0.04887871816754341,0:24:612,0.0634683221578598,0.0,0.0,neutro
0.5254902243614197,0.0,5941,-0.06816549599170685,102.33943939208984,0.24026820063591003,0.646108865737915,-0.017726115882396698,0.042836401611566544,0.1861412078142166,0.18390673398971558,0.22619158029556274,21.673599243164062,21.724742889404297,21.869651794433594,21.90129852294922,79.29298400878906,79.78863525390625,81.19300079345703,81.49967193603516,34.0,47.0,0.22840970754623413,0:25:632,0.06870649009943008,0.0,0.0,neutro
0.5490196347236633,0.0,6452,0.0310562364757061,111.3867416381836,0.22611550986766815,-0.35983365774154663,-0.10135945677757263,0.13344590365886688,0.006548712495714426,0.19115887582302094,0.17169809341430664,21.672218322753906,21.733924865722656,21.878490447998047,21.916362762451172,79.28013610839844,79.87814331054688,81.27916717529297,81.6462173461914,34.0,47.0,-0.12888479232788086,0:26:673,0.07458879053592682,0.0,0.0,neutro
0.5568627715110779,0.0,6928,-2.3264510673470795e-07,119.61861419677734,0.2014160305261612,-0.010813451372087002,0.09796493500471115,0.07181566953659058,0.06181718036532402,0.16153375804424286,0.16044491529464722,21.669248580932617,21.738920211791992,21.886690139770508,21.92780876159668,79.2527847290039,79.9280014038086,81.3601303100586,81.75867462158203,34.0,47.0,0.0015639911871403456,0:27:693,0.08083465695381165,0.0,0.0,neutro
0.5647059082984924,0.0,7430,-0.06384918093681335,128.0371856689453,0.2241639941930771,0.8096292614936829,-0.01306147500872612,0.07938401401042938,0.21952134370803833,0.21227866411209106,0.2414221167564392,21.66212272644043,21.74192237854004,21.893186569213867,21.938051223754883,79.18638610839844,79.95980834960938,81.42584228515625,81.86067199707031,34.0,47.0,0.24385710060596466,0:28:695,0.08749495446681976,0.0,0.0,neutro
0.5686274766921997,0.0,7826,-0.018754953518509865,134.66189575195312,0.2582271993160248,0.26038986444473267,-0.11774896830320358,0.02226938307285309,0.11970542371273041,0.20352496206760406,0.2079126089811325,21.651199340820312,21.752307891845703,21.896865844726562,21.953224182128906,79.0837173461914,80.063720703125,81.46491241455078,82.01119232177734,34.0,47.0,0.06130032241344452,0:29:718,0.09471093863248825,0.0,0.0,neutro
0.5686274766921997,0.0,8281,-0.12436486035585403,141.40478515625,0.21850158274173737,1.9841954708099365,0.10601253062486649,0.40859898924827576,0.5305237174034119,0.47637349367141724,0.5307471752166748,21.638751983642578,21.765552520751953,21.899097442626953,21.972522735595703,78.96715545654297,80.19633483886719,81.49089050292969,82.20262908935547,34.0,47.0,0.5076363682746887,0:30:738,0.10223338007926941,0.0,0.0,neutro_alto_grip
0.5647059082984924,0.0,6559,-8.373685886908788e-07,146.8984375,0.1252989023923874,-0.009744974784553051,-0.17593079805374146,0.0673072561621666,0.06873971223831177,0.17880460619926453,0.17500388622283936,21.62914276123047,21.776931762695312,21.903762817382812,21.99289321899414,78.87754821777344,80.31026458740234,81.53983306884766,82.40392303466797,34.0,47.0,-0.0014638822758570313,0:31:758,0.11001680046319962,0.0,0.0,neutro
0.572549045085907,0.0,6837,0.23104549944400787,151.70806884765625,0.05648333951830864,-1.9014455080032349,-0.10751686990261078,0.8237236142158508,0.7020760774612427,0.48153576254844666,0.4539532959461212,21.620826721191406,21.779735565185547,21.907814025878906,22.006778717041016,78.79946899414062,80.34007263183594,81.58179473876953,82.54132843017578,34.0,47.0,-0.6803315281867981,0:32:781,0.11817216873168945,0.0,0.0,neutro_alto_grip
0.572549045085907,0.0,6840,0.015613701194524765,153.76922607421875,0.14076970517635345,-0.33649975061416626,0.017478758469223976,0.11467944830656052,0.021025169640779495,0.1707681566476822,0.13300424814224243,21.624557495117188,21.77745819091797,21.91974639892578,22.015338897705078,78.83712768554688,80.31957244873047,81.69912719726562,82.62592315673828,34.0,47.0,-0.07141335308551788,0:33:801,0.12637145817279816,0.0,0.0,neutro
0.5803921818733215,0.0,6960,0.39497900009155273,155.14260864257812,0.017876140773296356,-2.059664487838745,-0.10503897815942764,1.8304136991500854,1.7230737209320068,0.6217070817947388,0.490506112575531,21.63005828857422,21.774070739746094,21.931568145751953,22.0223388671875,78.89140319824219,80.28770446777344,81.81476593017578,82.69479370117188,34.0,47.0,-0.35915350914001465,0:34:821,0.13465969264507294,0.0,0.0,neutro
0.5843137502670288,0.0,6873,0.39497900009155273,153.10113525390625,0.03440992906689644,-2.2685532569885254,0.07973567396402359,1.670701026916504,1.570016860961914,0.5776033997535706,0.4773886501789093,21.666841506958008,21.772459030151367,21.95042610168457,22.02522087097168,79.24785614013672,80.27184295654297,81.9973373413086,82.72257995605469,34.0,47.0,-0.5090488791465759,0:35:844,0.14276976883411407,0.0,0.0,neutro
0.5686274766921997,0.0,6918,0.0,155.58209228515625,0.1562337577342987,0.018552280962467194,-0.008246534503996372,0.05966848507523537,0.07369494438171387,0.13802458345890045,0.14888343214988708,21.721860885620117,21.776533126831055,21.971952438354492,22.030847549438477,79.77986907958984,80.30994415283203,82.20458984375,82.77558135986328,34.0,47.0,0.0027375882491469383,0:36:864,0.1509629786014557,0.0,0.0,neutro
0.572549045085907,0.0,7263,-0.00036263896618038416,160.99984741210938,-0.06522359699010849,0.0006749262101948261,-0.19601792097091675,0.06042022630572319,0.06984971463680267,0.23196962475776672,0.2428070604801178,21.76597023010254,21.78252601623535,21.98763084411621,22.03839683532715,80.20559692382812,80.3661117553711,82.35456085205078,82.84674835205078,34.0,47.0,0.006380923558026552,0:37:884,0.1596953570842743,0.0,0.0,neutro
0.572549045085907,0.0,7413,-0.024326637387275696,166.54676818847656,0.5134499669075012,0.9514411687850952,-0.3077566623687744,0.0,0.18323175609111786,0.204471156001091,0.31938686966896057,21.80301284790039,21.789100646972656,22.00106430053711,22.046497344970703,80.5616455078125,80.42674255371094,82.4815673828125,82.92202758789062,34.0,47.0,0.2113438844680786,0:38:907,0.16853952407836914,0.0,0.0,neutro_alto_grip
0.5764706134796143,0.0,7655,-0.012884620577096939,172.4833984375,0.17972275614738464,0.32893115282058716,0.14088357985019684,0.01898130774497986,0.10742425918579102,0.12063784897327423,0.1656382530927658,21.835002899169922,21.793014526367188,22.012733459472656,22.054298400878906,80.86783599853516,80.46085357666016,82.5906753540039,82.99356079101562,34.0,47.0,0.057090289890766144,0:39:927,0.17762961983680725,0.0,0.0,neutro
0.5764706134796143,0.0,7904,0.0,178.11392211914062,0.115012988448143,0.05149384215474129,0.31908801198005676,0.0573372058570385,0.06507139652967453,0.14156679809093475,0.1470271348953247,21.860916137695312,21.79488754272461,22.022247314453125,22.061779022216797,81.1154556274414,80.47542572021484,82.67919921875,83.06233215332031,34.0,47.0,-0.0015742458635941148,0:40:947,0.1871032565832138,0.0,0.0,neutro
0.5921568870544434,0.0,8149,-2.3264509252385324e-07,183.31326293945312,0.1594717651605606,0.00038275448605418205,0.10109993815422058,0.0584975928068161,0.05851004272699356,0.1477387398481369,0.14697645604610443,21.88526153564453,21.792388916015625,22.031208038330078,22.06601333618164,81.34922790527344,80.44908142089844,82.76374816894531,83.10108947753906,34.0,47.0,0.005737703293561935,0:41:970,0.19696015119552612,0.0,0.0,neutro
0.4901961088180542,0.0,8253,-0.003646910423412919,186.10549926757812,0.025845713913440704,0.22927239537239075,0.01464542280882597,0.03822297230362892,0.08354286849498749,0.11262138932943344,0.15839287638664246,21.90369415283203,21.787906646728516,22.038169860839844,22.06885528564453,81.5271224975586,80.40492248535156,82.83045959472656,83.12789154052734,34.0,47.0,0.03672242537140846,0:42:990,0.20700187981128693,0.0,0.0,neutro
0.4901961088180542,0.0,8286,0.0,187.06524658203125,0.01822744309902191,0.26208749413490295,0.02520054019987583,0.0395420640707016,0.08778759092092514,0.10432569682598114,0.16278204321861267,21.914531707763672,21.782878875732422,22.04092788696289,22.07012939453125,81.63218688964844,80.35615539550781,82.85720825195312,83.14026641845703,34.0,47.0,0.0164339579641819,0:44:010,0.21709991991519928,0.0,0.0,neutro
0.0,0.14509804546833038,6626,0.026433952152729034,151.64878845214844,-0.6183335781097412,-0.4958869516849518,0.04656655713915825,0.15552276372909546,0.071038156747818,0.19210825860500336,0.06541259586811066,21.925846099853516,21.772930145263672,22.039283752441406,22.0648193359375,81.74195861816406,80.2598876953125,82.84142303466797,83.08892059326172,34.0,47.0,-0.11300484836101532,0:45:030,0.22657445073127747,0.0,0.0,neutro
0.0,0.003921568859368563,5924,0.0,104.13153076171875,-0.31914979219436646,-0.001959830056875944,0.23197802901268005,0.0797271877527237,0.06935497373342514,0.125069260597229,0.12768086791038513,21.92867660522461,21.756542205810547,22.03113555908203,22.051712036132812,81.77047729492188,80.1020736694336,82.7635498046875,82.96298217773438,34.0,47.0,0.0025868238881230354,0:46:050,0.23358719050884247,0.0,0.0,neutro
0.0,0.6745098233222961,4502,-0.2785104513168335,84.46153259277344,-1.8199234008789062,0.7366238832473755,0.0173113401979208,1.4140352010726929,1.0206575393676758,0.7247434854507446,0.6242051720619202,21.924142837524414,21.735021591186523,22.019670486450195,22.036211013793945,81.72775268554688,79.89469146728516,82.65367889404297,82.8139877319336,34.0,47.0,0.1980331838130951,0:47:073,0.2389841228723526,0.0,0.0,sottosterzo
0.3764706254005432,0.0,4091,-0.18992258608341217,70.99319458007812,0.06231290474534035,0.8820364475250244,0.022569812834262848,0.1728937327861786,0.32739222049713135,0.14421261847019196,0.193773552775383,21.918947219848633,21.713594436645508,22.005983352661133,22.01981544494629,81.6773910522461,79.68700408935547,82.5210189819336,82.6550521850586,34.0,47.0,0.35007765889167786,0:48:093,0.24311906099319458,0.0,0.0,neutro
0.43529415130615234,0.0,4129,-0.09311790764331818,71.5582275390625,0.11881991475820541,0.42803120613098145,0.07075411826372147,0.018714984878897667,0.16732221841812134,0.1465253084897995,0.14471954107284546,21.9114990234375,21.69577407836914,21.990196228027344,22.00323486328125,81.60432434082031,79.51341247558594,82.36709594726562,82.49344635009766,34.0,47.0,0.1883176565170288,0:49:116,0.24696296453475952,0.0,0.0,neutro
0.4745098352432251,0.0,4235,-0.25394710898399353,72.82959747314453,0.02651604637503624,1.5435460805892944,-0.11571721732616425,0.4506678581237793,0.6659964919090271,0.4674836993217468,0.5117007493972778,21.901710510253906,21.6839599609375,21.973121643066406,21.987197875976562,81.50867462158203,79.398193359375,82.2008285522461,82.33724212646484,34.0,47.0,0.8492845296859741,0:50:136,0.250681072473526,0.0,0.0,neutro_alto_grip
0.4862745404243469,0.0,4536,-0.09311790764331818,78.47077178955078,0.15185190737247467,0.5223526358604431,-0.0033107539638876915,0.04615534096956253,0.1930214762687683,0.17291079461574554,0.15245510637760162,21.889667510986328,21.672191619873047,21.955429077148438,21.970474243164062,81.39180755615234,79.28399658203125,82.0291976928711,82.17500305175781,34.0,47.0,0.2136782556772232,0:51:138,0.2545718848705292,0.0,0.0,neutro
0.4901961088180542,0.0,4756,-0.5446425676345825,80.96492767333984,0.011506977491080761,1.726131796836853,-0.009614157490432262,1.4962509870529175,1.6509736776351929,0.624826192855835,0.5128171443939209,21.875389099121094,21.662933349609375,21.936702728271484,21.95372772216797,81.25292205810547,79.19377899169922,81.84718322753906,82.01220703125,34.0,47.0,0.7395869493484497,0:52:179,0.25868162512779236,0.0,0.0,sottosterzo
0.6705882549285889,0.0,5066,6.070221934351139e-05,87.1053695678711,0.37286150455474854,-0.0041858782060444355,0.05903206393122673,0.07839549332857132,0.06839299201965332,0.1875019669532776,0.18000666797161102,21.860549926757812,21.65972900390625,21.917476654052734,21.937347412109375,81.10759735107422,79.1612777709961,81.6593017578125,81.85191345214844,34.0,47.0,-0.0020176914986222982,0:53:199,0.2630055248737335,0.0,0.0,neutro
0.6784313917160034,0.0,5981,4.091779192094691e-05,102.4398422241211,0.4611264765262604,-0.007057094946503639,0.009792352095246315,0.07756487280130386,0.06680330634117126,0.23081813752651215,0.22415389120578766,21.842973709106445,21.65363883972168,21.897329330444336,21.919767379760742,80.93583679199219,79.10084533691406,81.46257781982422,81.68006134033203,34.0,47.0,-0.002920686500146985,0:54:222,0.2681191563606262,0.0,0.0,neutro
0.8627451658248901,0.0,7143,0.0,121.3525619506836,0.7157331705093384,-0.01444560382515192,0.07964669913053513,0.077226921916008,0.06555971503257751,0.3135204613208771,0.30854150652885437,21.82415008544922,21.644943237304688,21.87957763671875,21.903953552246094,80.752197265625,79.01545715332031,81.2894058227539,81.5256118774414,34.0,47.0,-0.004224381875246763,0:55:263,0.27427658438682556,0.0,0.0,neutro
1.0,0.0,6995,-0.009481754153966904,152.9510498046875,0.8077049255371094,0.11096371710300446,0.09184422343969345,0.055129274725914,0.08475439250469208,0.3963068127632141,0.3849647045135498,21.80511474609375,21.635555267333984,21.868244171142578,21.893932342529297,80.56766510009766,78.9244155883789,81.17945861816406,81.42845153808594,34.0,47.0,0.04121420159935951,0:56:283,0.28170108795166016,0.0,0.0,neutro
1.0,0.0,8274,-0.004735021386295557,181.7001495361328,0.7390365600585938,0.25044551491737366,0.0013148863799870014,0.04985498636960983,0.08821452409029007,0.36866524815559387,0.368381530046463,21.78820037841797,21.627090454101562,21.86536407470703,21.891895294189453,80.40513610839844,78.84368133544922,81.15293884277344,81.4100341796875,34.0,47.0,0.07037003338336945,0:57:303,0.29075849056243896,0.0,0.0,neutro
1.0,0.0,7408,-2.205855480497121e-06,203.49453735351562,0.5044742226600647,-0.018415531143546104,-0.11112761497497559,0.07246438413858414,0.05875711515545845,0.3475795388221741,0.34213799238204956,21.771944046020508,21.619531631469727,21.86881446838379,21.89581871032715,80.24893951416016,78.77182006835938,81.18785095214844,81.44951629638672,34.0,47.0,-0.00826866365969181,0:58:347,0.30144238471984863,0.0,0.0,neutro
1.0,0.0,8039,0.0,222.4728240966797,0.42106562852859497,0.04153035953640938,0.027551285922527313,0.06146279349923134,0.06623249500989914,0.28235310316085815,0.2811272442340851,21.75690460205078,21.615249633789062,21.877933502197266,21.906875610351562,80.1032485961914,78.73030090332031,81.27625274658203,81.55674743652344,34.0,47.0,-0.008191602304577827,0:59:367,0.31298142671585083,0.0,0.0,neutro
1.0,0.0,7518,0.0027580747846513987,237.7241668701172,0.35998326539993286,-0.16047817468643188,-0.08110742270946503,0.08176200836896896,0.036909069865942,0.24200797080993652,0.22213944792747498,21.749122619628906,21.60806655883789,21.896163940429688,21.921401977539062,80.02764129638672,78.66059112548828,81.45274353027344,81.6973648071289,34.0,47.0,-0.028538944199681282,1:00:390,0.3255055546760559,0.0,0.0,neutro
1.0,0.0,7907,0.0,249.97705078125,0.249683678150177,-0.046679262071847916,-0.09862424433231354,0.06830443441867828,0.049945488572120667,0.24215185642242432,0.22972534596920013,21.74102020263672,21.603912353515625,21.917999267578125,21.941173553466797,79.9491195678711,78.62029266357422,81.66437530517578,81.88896942138672,34.0,47.0,-0.007266464177519083,1:01:410,0.3387184739112854,0.0,0.0,neutro
1.0,0.0,8222,0.0,260.2773132324219,0.1886903941631317,-0.04778067767620087,-0.17748862504959106,0.06768636405467987,0.05302439630031586,0.23625408113002777,0.2227001041173935,21.732524871826172,21.601966857910156,21.94232177734375,21.963733673095703,79.86678314208984,78.60143280029297,81.9001235961914,82.1076431274414,34.0,47.0,-0.008613377809524536,1:02:430,0.3525397777557373,0.0,0.0,neutro
1.0,0.0,8458,-0.017130374908447266,268.59625244140625,0.20791465044021606,0.15207195281982422,-0.10373490303754807,0.017713017761707306,0.09167095273733139,0.21388007700443268,0.20164255797863007,21.725757598876953,21.600391387939453,21.9698486328125,21.988723754882812,79.80117797851562,78.58612060546875,82.16686248779297,82.3498306274414,34.0,47.0,0.029272286221385002,1:03:450,0.36686405539512634,0.0,0.0,neutro
1.0,0.0,7493,0.003646910423412919,273.90997314453125,0.2373073250055313,-0.11181765049695969,-0.08803800493478775,0.07389204949140549,0.036320820450782776,0.19717150926589966,0.17928853631019592,21.71597671508789,21.59823226928711,21.996662139892578,22.015533447265625,79.7062759399414,78.56510162353516,82.42662048339844,82.60948944091797,34.0,47.0,-0.014618500135838985,1:04:473,0.38159242272377014,0.0,0.0,neutro
1.0,0.0,7628,-0.0020425564143806696,278.8438720703125,0.13757626712322235,0.062310684472322464,0.0770590752363205,0.050118785351514816,0.056243978440761566,0.19005964696407318,0.1862606555223465,21.710710525512695,21.594449996948242,22.02836799621582,22.042654037475586,79.65521240234375,78.5284652709961,82.73387908935547,82.87232971191406,34.0,47.0,0.008789206854999065,1:05:493,0.3965573012828827,0.0,0.0,neutro
1.0,0.0,7742,0.0002173528482671827,283.22412109375,0.19558526575565338,-0.07322926074266434,0.04635237157344818,0.0648328885436058,0.043499212712049484,0.1937696635723114,0.17408733069896698,21.701147079467773,21.5900821685791,22.057878494262695,22.070417404174805,79.56192016601562,78.48551177978516,83.01923370361328,83.1407699584961,34.0,47.0,-0.010540858842432499,1:06:516,0.41182005405426025,0.0,0.0,neutro
1.0,0.0,7847,8.413437724286155e-10,287.25244140625,0.08825019747018814,-0.08536563813686371,-0.12065566331148148,0.061110202223062515,0.04054848849773407,0.19185924530029297,0.17344066500663757,21.69205093383789,21.583587646484375,22.089305877685547,22.09703826904297,79.4712142944336,78.42008972167969,83.3210678100586,83.39603424072266,34.0,47.0,-0.011425325646996498,1:07:536,0.42726925015449524,0.0,0.0,neutro
0.0,1.0,6311,0.0,247.91659545898438,-3.0600945949554443,-0.03269756957888603,-0.2257925271987915,0.44178855419158936,0.473192036151886,0.5736668705940247,0.562506914138794,21.68667984008789,21.58095932006836,22.113929748535156,22.117698669433594,79.41796112060547,78.39347076416016,83.55841064453125,83.59490203857422,34.0,47.0,-0.015393001027405262,1:08:556,0.44229966402053833,0.0,0.0,neutro
0.0,1.0,2394,-0.199641615152359,150.04063415527344,-2.000703811645508,0.03559799864888191,-0.06834210455417633,9.452394485473633,9.470767974853516,9.585044860839844,9.581228256225586,21.677743911743164,21.58017921447754,22.12425422668457,22.124773025512695,79.33146667480469,78.38597106933594,83.65850830078125,83.66352844238281,34.0,47.0,0.015379820950329304,1:09:576,0.452878475189209,0.0,0.0,neutro
0.0,1.0,2351,-0.08243401348590851,81.58351135253906,-2.0109217166900635,0.04854074493050575,0.1662723571062088,10.181840896606445,9.527958869934082,10.09256362915039,9.159660339355469,21.76497459411621,21.679113388061523,22.200925827026367,22.199129104614258,80.17675018310547,79.34471893310547,84.40153503417969,84.38414764404297,34.0,47.0,0.009198128245770931,1:10:596,0.45911696553230286,0.0,0.0,neutro
0.5215686559677124,0.0,4027,-0.2201937884092331,55.8697395324707,0.030201079323887825,0.927947461605072,-0.10350999236106873,0.1485215574502945,0.30910632014274597,0.20421947538852692,0.17815226316452026,21.907405853271484,21.834152221679688,22.311466217041016,22.306949615478516,81.55709075927734,80.84721374511719,85.47281646728516,85.42903137207031,34.0,47.0,0.4518604874610901,1:11:619,0.46245276927948,0.0,0.0,neutro_alto_grip
0.43529415130615234,0.0,3149,0.0,58.204872131347656,0.001162140746600926,-0.002285364782437682,-0.020660895854234695,0.07806704938411713,0.06985417008399963,0.10544417053461075,0.09627828747034073,22.041259765625,21.980701446533203,22.415058135986328,22.408000946044922,82.85418701171875,82.2673110961914,86.47661590576172,86.40823364257812,34.0,47.0,-8.880583095560723e-07,1:12:639,0.4655452072620392,0.0,0.0,neutro
0.5529412031173706,0.0,3265,0.00012082955072401091,60.75333023071289,0.1934395730495453,0.00017778208712115884,-0.0006828863988630474,0.07828840613365173,0.06792600452899933,0.1411539763212204,0.13137935101985931,22.162633895874023,22.113969802856445,22.508893966674805,22.499635696411133,84.03032684326172,83.5587387084961,87.3858871459961,87.29615020751953,34.0,47.0,-0.0009720579837448895,1:13:680,0.4688134789466858,0.0,0.0,neutro
0.7372549176216125,0.0,6405,0.0,65.52792358398438,0.047187045216560364,0.0002498772810213268,-0.011550117284059525,0.07477231323719025,0.0704352930188179,0.11093594133853912,0.10315759479999542,22.2703857421875,22.232852935791016,22.592262268066406,22.581157684326172,85.07452392578125,84.71076965332031,88.19377136230469,88.08616638183594,34.0,47.0,-0.0006502803298644722,1:14:700,0.47220396995544434,0.0,0.0,neutro
0.6901960968971252,0.0,3296,-0.787249743938446,70.62384796142578,-0.2885853946208954,1.7187031507492065,-0.04092317074537277,2.206732988357544,2.39432954788208,0.5050474405288696,0.6359667181968689,22.36772918701172,22.34280014038086,22.668079376220703,22.655467987060547,86.0180892944336,85.77651977539062,88.92877960205078,88.8065414428711,34.0,47.0,0.8896549344062805,1:15:723,0.4761594831943512,0.0,0.0,sottosterzo
0.6980392336845398,0.0,3336,-0.787249743938446,68.1796875,-0.3272358179092407,1.7739341259002686,0.02189743146300316,2.236544132232666,2.409052848815918,0.5953238010406494,0.6502116322517395,22.45724868774414,22.456878662109375,22.735591888427734,22.724365234375,86.88611602783203,86.88255310058594,89.58352661132812,89.4747314453125,34.0,47.0,0.8668771386146545,1:16:743,0.47988688945770264,0.0,0.0,sottosterzo
0.32156863808631897,0.0,3713,-0.026433952152729034,69.69356536865234,0.039003487676382065,0.1290414184331894,0.012685711495578289,0.05181299149990082,0.0934218242764473,0.11037131398916245,0.11954636871814728,22.53948211669922,22.570213317871094,22.796283721923828,22.787883758544922,87.68447875976562,87.98234558105469,90.17321014404297,90.0918197631836,34.0,47.0,0.06504897773265839,1:17:766,0.48334354162216187,0.0,0.0,neutro
0.3764706254005432,0.0,3340,0.0,70.37405395507812,-0.007589201908558607,-0.04243692755699158,-0.43597298860549927,0.07792364060878754,0.031075885519385338,0.12071079760789871,0.18207241594791412,22.611595153808594,22.67159652709961,22.84921646118164,22.843353271484375,88.38489532470703,88.96638488769531,90.68779754638672,90.63098907470703,34.0,47.0,-0.0178327988833189,1:18:786,0.48751285672187805,0.0,0.0,neutro
0.3333333432674408,0.0,3143,1.0,64.14318084716797,-0.20225168764591217,-1.2039070129394531,-0.23676106333732605,3.301619291305542,3.3715076446533203,0.4564591646194458,0.3031293749809265,22.67926597595215,22.763017654418945,22.89592933654785,22.891542434692383,89.04170227050781,89.85343170166016,91.14157104492188,91.09902954101562,34.0,47.0,-0.7487500309944153,1:19:809,0.4911251366138458,0.0,0.0,neutro
0.3450980484485626,0.0,2792,0.004164362326264381,55.7645149230957,0.025731798261404037,0.3484921455383301,0.30257028341293335,0.1520574986934662,0.4399557411670685,0.20756952464580536,0.03788387402892113,22.75837516784668,22.8491153717041,22.938066482543945,22.933496475219727,89.80888366699219,90.68824768066406,91.55039978027344,91.50607299804688,34.0,47.0,-0.1893101930618286,1:20:829,0.49406594038009644,0.0,0.0,neutro
0.8823530077934265,0.0,3942,0.0,56.41462707519531,0.10381900519132614,-0.0032644327729940414,0.00034358547418378294,0.07681264728307724,0.07703898102045059,0.12232929468154907,0.11198227107524872,22.834238052368164,22.925302505493164,22.973833084106445,22.968210220336914,90.54484558105469,91.4273910522461,91.89773559570312,91.84326934814453,34.0,47.0,-0.0009074978297576308,1:21:852,0.4970279633998871,0.0,0.0,neutro
1.0,0.0,8580,0.0,68.202880859375,0.5655516386032104,-0.00020342979405540973,0.024686509743332863,0.08064553886651993,0.06936447322368622,0.28369051218032837,0.2788723111152649,22.900070190429688,22.99158477783203,23.003849029541016,22.99695587158203,91.1833724975586,92.07035827636719,92.18921661376953,92.12239074707031,34.0,47.0,-0.0007151319878175855,1:22:872,0.5003883242607117,0.0,0.0,neutro
1.0,0.0,2863,-0.020492427051067352,85.07068634033203,0.41374829411506653,0.17229844629764557,0.004392416216433048,0.05759080499410629,0.09646216779947281,0.10929390043020248,0.13104389607906342,22.95627212524414,23.047916412353516,23.02863311767578,23.020946502685547,91.72842407226562,92.6166763305664,92.42974853515625,92.35523986816406,34.0,47.0,0.05968010798096657,1:23:892,0.504494309425354,0.0,0.0,neutro
1.0,0.0,5166,-0.05212295800447464,104.8436279296875,0.8633614778518677,0.7027075290679932,-0.05199475958943367,0.03428330644965172,0.18097041547298431,0.8640305399894714,0.7268233895301819,23.00364112854004,23.095415115356445,23.049959182739258,23.041757583618164,92.18729400634766,93.0767822265625,92.63619995117188,92.55670928955078,34.0,47.0,0.27365902066230774,1:24:915,0.5095459222793579,0.0,0.0,neutro
0.0,0.0,8472,-0.0027580747846513987,141.17674255371094,0.8089538216590881,-0.029180657118558884,-0.18474487960338593,0.06646426767110825,0.07062903046607971,0.5953075289726257,0.5892680287361145,23.043773651123047,23.135360717773438,23.07585906982422,23.066410064697266,92.57522583007812,93.46284484863281,92.88621520996094,92.79462432861328,34.0,47.0,0.0027125615160912275,1:25:935,0.5161306858062744,0.0,0.0,neutro
1.0,0.0,7542,-0.00016381120076403022,160.11782836914062,0.4110487401485443,2.1718337535858154,-0.04283003509044647,0.0,1.1428191661834717,1.7697079181671143,1.7803435325622559,23.075668334960938,23.179203033447266,23.102005004882812,23.100757598876953,92.88270568847656,93.88616943359375,93.1379623413086,93.1258773803711,34.0,47.0,0.595903754234314,1:26:958,0.5243935585021973,0.0,0.0,neutro
1.0,0.0,7208,-1.0,155.988525390625,0.07395484298467636,1.9657742977142334,0.07943735271692276,2.545585870742798,2.8254318237304688,1.2664514780044556,0.7217571139335632,23.114242553710938,23.22555923461914,23.140892028808594,23.14849090576172,93.25447845458984,94.3332748413086,93.51274108886719,93.58638763427734,34.0,47.0,3.0103421211242676,1:27:999,0.5331971049308777,0.0,0.0,sottosterzo
0.0,0.0,5000,-3.495983236234679e-08,130.61647033691406,-0.1259988397359848,-1.9133293628692627,-0.025011232122778893,5.268167495727539,5.376491069793701,6.211308002471924,6.196285724639893,23.183757781982422,23.278278350830078,23.203399658203125,23.20563507080078,93.92733001708984,94.84333038330078,94.11767578125,94.13933563232422,34.0,47.0,-0.5867655873298645,1:29:019,0.5410221815109253,0.0,0.0,neutro
0.0,0.0,2395,-3.495983236234679e-08,45.95152282714844,0.07749383896589279,-0.9437747597694397,-0.016107872128486633,0.0837196633219719,0.21112920343875885,3.954151153564453,3.3657655715942383,23.298702239990234,23.33887481689453,23.313411712646484,23.279319763183594,95.04161071777344,95.43093872070312,95.18417358398438,94.853759765625,34.0,47.0,-1.3664696216583252,1:30:039,0.5452627539634705,0.0,0.0,neutro
0.0,0.0,2351,0.0,45.28972244262695,0.009682734496891499,-0.0006928411312401295,-0.008069617673754692,0.1105131134390831,0.1183578222990036,0.10058574378490448,0.108812116086483,23.41147232055664,23.398178100585938,23.439159393310547,23.359512329101562,96.13404083251953,96.0052261352539,96.40237426757812,95.63048553466797,34.0,47.0,-7.3028550104936585e-06,1:31:062,0.5475000143051147,0.0,0.0,neutro
0.2862745225429535,0.0,2913,0.0,41.974430084228516,0.047955695539712906,0.006995819043368101,0.009094223380088806,0.11210012435913086,0.12037187814712524,0.100907102227211,0.11658608913421631,23.511280059814453,23.44780731201172,23.552566528320312,23.429912567138672,97.1009292602539,96.48577117919922,97.50102233886719,96.31236267089844,34.0,47.0,0.0012762608239427209,1:32:082,0.5496782660484314,0.0,0.0,neutro
0.0,0.0,2356,0.0,41.26814651489258,0.00684373639523983,0.0005855706986039877,5.5375250667566434e-05,0.1091567873954773,0.1251925230026245,0.10338500887155533,0.11459324508905411,23.596885681152344,23.487022399902344,23.652271270751953,23.490020751953125,97.9301528930664,96.8654556274414,98.46688079833984,96.89450073242188,34.0,47.0,-0.0002890629111789167,1:33:105,0.5517370700836182,0.0,0.0,neutro
0.0,0.0,2350,0.0,19.93596839904785,0.2833205461502075,0.02123982645571232,0.018255427479743958,0.07151537388563156,0.17163629829883575,0.48245400190353394,0.24045802652835846,23.671142578125,23.517974853515625,23.743995666503906,23.543128967285156,98.64968872070312,97.16535186767578,99.35572052001953,97.40911865234375,34.0,47.0,-0.06611299514770508,1:34:125,0.553255558013916,0.0,0.0,neutro
0.0,0.0,2350,0.0,14.044589042663574,0.07138028740882874,-0.010461747646331787,-0.0907670110464096,0.102301687002182,0.12640291452407837,0.19702616333961487,0.03987754508852959,23.73358917236328,23.540855407714844,23.82516098022461,23.587596893310547,99.25494384765625,97.3871841430664,100.14232635498047,97.84013366699219,34.0,47.0,-0.0010126621928066015,1:35:148,0.5541712045669556,0.0,0.0,neutro
0.501960813999176,0.0,3188,-1.0,1.3008490800857544,0.6355928778648376,0.0036057739052921534,0.0008033099584281445,11.977635383605957,11.300944328308105,0.09927049279212952,0.19567051529884338,23.78643226623535,23.556364059448242,23.89664649963379,23.624849319458008,99.76703643798828,97.53748321533203,100.83513641357422,98.20114135742188,34.0,47.0,-0.0006991070113144815,1:36:165,0.5547074675559998,0.0,0.0,neutro
0.5647059082984924,0.0,7252,-1.0,10.440569877624512,0.39290496706962585,0.2506020963191986,-0.020054103806614876,0.09863931685686111,0.8378725051879883,0.7818845510482788,0.13299432396888733,23.831012725830078,23.565692901611328,23.95920181274414,23.65550994873047,100.19908905029297,97.62789154052734,101.4413833618164,98.49833679199219,34.0,47.0,0.35997313261032104,1:37:206,0.5544739961624146,0.0,0.0,neutro
0.5058823823928833,0.0,3817,-1.0,18.200931549072266,0.04927753657102585,0.3729228377342224,-0.005675276275724173,0.17202261090278625,0.7165732979774475,0.24360911548137665,0.12214218825101852,23.865907669067383,23.569177627563477,24.01334571838379,23.67970085144043,100.5374755859375,97.66183471679688,101.96627044677734,98.73297119140625,34.0,47.0,0.6520180702209473,1:38:229,0.5543613433837891,0.0,0.0,neutro
0.5882353186607361,0.0,3635,-1.0,24.61925506591797,-0.2719702422618866,0.5792970657348633,0.0011747765820473433,0.1551155298948288,0.7191976308822632,0.057396065443754196,0.1786542534828186,23.892929077148438,23.56793212890625,24.059982299804688,23.698192596435547,100.79988098144531,97.65028381347656,102.41880798339844,98.91265106201172,34.0,47.0,0.8893305659294128,1:39:249,0.5543613433837891,0.0,0.0,neutro
0.4274510145187378,0.0,3019,-1.0,29.519010543823242,-0.24501924216747284,0.886073648929596,0.003345741657540202,0.024783724918961525,0.8516380190849304,0.09227115660905838,0.22504378855228424,23.91232681274414,23.562278747558594,24.098968505859375,23.710830688476562,100.98843383789062,97.59602355957031,102.79720306396484,99.03569030761719,34.0,47.0,1.048081398010254,1:40:272,0.554436206817627,0.0,0.0,neutro
0.3803921937942505,0.0,2839,0.0,26.64365005493164,0.14809608459472656,0.018013086169958115,0.024650653824210167,0.10125905275344849,0.060720402747392654,0.12149715423583984,0.12677216529846191,23.92437171936035,23.554059982299805,24.13118553161621,23.718069076538086,101.10528564453125,97.51653289794922,103.10955810546875,99.10596466064453,34.0,47.0,-0.009715704247355461,1:41:292,0.5559036731719971,0.0,0.0,neutro
0.6784313917160034,0.0,3505,0.0,30.36241340637207,0.2794903814792633,-0.002388365799561143,0.03642655536532402,0.08228932321071625,0.07702765613794327,0.1591767817735672,0.16221947968006134,23.93076515197754,23.542203903198242,24.15631675720215,23.720911026000977,101.16722106933594,97.40159606933594,103.35305786132812,99.13343811035156,34.0,47.0,-0.00791433546692133,1:42:294,0.5573965907096863,0.0,0.0,neutro
1.0,0.0,8984,0.0,44.39612579345703,0.5009741187095642,0.004043709021061659,-0.010773781687021255,0.07966543734073639,0.07023878395557404,0.2579684853553772,0.25238677859306335,23.931503295898438,23.525516510009766,24.174949645996094,23.718311309814453,101.1741943359375,97.2397232055664,103.53347778320312,99.10814666748047,34.0,47.0,0.0007206691661849618,1:43:314,0.559356689453125,0.0,0.0,neutro
1.0,0.0,7811,0.0008580281864851713,73.3670425415039,0.988694429397583,0.004171084612607956,0.007609412539750338,0.08196549117565155,0.07394059002399445,1.1674145460128784,1.1610685586929321,23.925634384155273,23.504671096801758,24.189199447631836,23.71413230895996,101.1170654296875,97.03746795654297,103.67131042480469,99.06739807128906,34.0,47.0,-0.0005960998823866248,1:44:355,0.5625155568122864,0.0,0.0,neutro
1.0,0.0,6633,0.0,108.63697052001953,0.9979013204574585,-0.36311084032058716,-0.006513128522783518,0.12480203062295914,0.03039373829960823,0.6698921918869019,0.6603479981422424,23.91505241394043,23.48018455505371,24.203092575073242,23.710145950317383,101.01428985595703,96.79996490478516,103.80572509765625,99.028564453125,34.0,47.0,-0.05783696100115776,1:45:378,0.5674274563789368,0.0,0.0,neutro
0.4941176772117615,0.0,6397,0.0,143.28787231445312,0.2890626788139343,-0.007224499247968197,0.006895057391375303,0.07509594410657883,0.0663527324795723,0.17533782124519348,0.1691853106021881,23.899717330932617,23.45189094543457,24.220327377319336,23.711809158325195,100.8657455444336,96.52582550048828,103.97280883789062,99.04471588134766,34.0,47.0,0.0001142239198088646,1:46:398,0.5743272304534912,0.0,0.0,neutro
0.46274513006210327,0.0,6638,0.0,149.25079345703125,0.14447057247161865,-0.00048431920004077256,-0.014250583946704865,0.0732143297791481,0.06646382808685303,0.14919738471508026,0.14316219091415405,23.881778717041016,23.423717498779297,24.234954833984375,23.712142944335938,100.6919174194336,96.25276184082031,104.11456298828125,99.0479507446289,34.0,47.0,0.0005649983650073409,1:47:421,0.5822688937187195,0.0,0.0,neutro
0.4745098352432251,0.0,6832,-9.227277587342542e-06,153.30628967285156,0.05794348567724228,0.012190760113298893,-0.16639678180217743,0.07387614995241165,0.06833633035421371,0.1602337509393692,0.15701931715011597,23.859189987182617,23.39222526550293,24.24384880065918,23.7078914642334,100.47298431396484,95.94759368896484,104.20073699951172,99.0067138671875,34.0,47.0,0.0002172099775634706,1:48:420,0.5903009176254272,0.0,0.0,neutro
0.48235297203063965,0.0,6928,-0.04209128022193909,156.4457244873047,0.07977929711341858,0.5326418280601501,0.2634127140045166,0.03626611456274986,0.17419923841953278,0.11405657231807709,0.1489953100681305,23.83234405517578,23.357032775878906,24.246261596679688,23.70035171508789,100.2127456665039,95.6064453125,104.22406768798828,98.93358612060547,34.0,47.0,0.14817474782466888,1:49:443,0.5987105369567871,0.0,0.0,neutro
0.6352941393852234,0.0,7111,0.0,159.70396423339844,0.21478059887886047,0.0016856798902153969,0.019368788227438927,0.07218453288078308,0.06626084446907043,0.16095814108848572,0.15745806694030762,23.798755645751953,23.321609497070312,24.24276351928711,23.68956756591797,99.8870849609375,95.2630386352539,104.19000244140625,98.82894897460938,34.0,47.0,0.0010538500500842929,1:50:463,0.6072357892990112,0.0,0.0,neutro
0.6431372761726379,0.0,7491,-0.005362408701330423,168.04098510742188,0.24198387563228607,0.07381415367126465,-0.021126285195350647,0.05681707710027695,0.07916431874036789,0.17055578529834747,0.17011110484600067,23.763811111450195,23.282197952270508,24.235586166381836,23.674951553344727,99.54847717285156,94.88111114501953,104.12045288085938,98.6873550415039,34.0,47.0,0.02184099517762661,1:51:483,0.6160969734191895,0.0,0.0,neutro
0.6549019813537598,0.0,7910,-0.0060501741245388985,177.3377227783203,0.2884437143802643,0.16569997370243073,-0.004396671894937754,0.045651499181985855,0.08792669326066971,0.17338675260543823,0.18745173513889313,23.72551918029785,23.242013931274414,24.225515365600586,23.659433364868164,99.17750549316406,94.49182891845703,104.0230484008789,98.537109375,34.0,47.0,0.03340139240026474,1:52:506,0.6254675388336182,0.0,0.0,neutro
0.5803921818733215,0.0,8358,-2.6415777028887533e-05,186.7828826904297,0.1552458554506302,0.01242674607783556,-0.19608722627162933,0.06930094957351685,0.066026471555233,0.21165521442890167,0.20918814837932587,23.683137893676758,23.19952964782715,24.212308883666992,23.64369010925293,98.76708984375,94.08038330078125,103.89531707763672,98.38480377197266,34.0,47.0,0.0010478550102561712,1:53:526,0.6353170871734619,0.0,0.0,neutro
0.0,0.0,7659,-0.006802068091928959,174.77163696289062,-0.3510315716266632,0.21262766420841217,0.1955176442861557,0.04208473861217499,0.09110559523105621,0.09256420284509659,0.13654951751232147,23.639366149902344,23.155658721923828,24.19245147705078,23.62207794189453,98.34313201904297,93.65548706054688,103.70323181152344,98.17564392089844,34.0,47.0,0.0392068512737751,1:54:546,0.6451435089111328,0.0,0.0,neutro
0.0,0.1411764770746231,7088,-0.0020425564143806696,162.2991180419922,-0.620837390422821,6.933983968337998e-05,0.04660319909453392,0.088292695581913,0.07236015051603317,0.1313478648662567,0.12284868210554123,23.590457916259766,23.10767364501953,24.165752410888672,23.5947265625,97.86917877197266,93.19047546386719,103.44441223144531,97.91056060791016,34.0,47.0,0.011591349728405476,1:55:569,0.6542947292327881,0.0,0.0,neutro
0.0,0.34117648005485535,6276,-0.11104967445135117,115.20339965820312,-1.165224313735962,1.655007004737854,0.023483680561184883,0.6476595401763916,0.5260002017021179,0.7667801380157471,0.754087507724762,23.536510467529297,23.058269500732422,24.129684448242188,23.561420440673828,97.34628295898438,92.7115478515625,103.0948257446289,97.58768463134766,34.0,47.0,0.5759867429733276,1:56:589,0.6618480086326599,0.0,0.0,neutro_alto_grip
0.0,0.2705882489681244,4334,-8.691856055520475e-05,77.22711944580078,-0.8381450772285461,-0.002462404780089855,0.10982619971036911,0.16932207345962524,0.15033504366874695,0.18300314247608185,0.18778115510940552,23.479511260986328,23.007205963134766,24.090011596679688,23.528125762939453,96.79325866699219,92.21607971191406,102.7096176147461,97.26438903808594,34.0,47.0,0.006680767051875591,1:57:609,0.6669344902038574,0.0,0.0,neutro
0.5098039507865906,0.0,5391,-0.026433952152729034,61.23367691040039,0.33643171191215515,0.0975504070520401,0.13147850334644318,0.06413000077009201,0.09473230689764023,0.1985645294189453,0.16382057964801788,23.42157745361328,22.95266342163086,24.049034118652344,23.49272918701172,96.23161315917969,91.68736267089844,102.31230163574219,96.92109680175781,34.0,47.0,0.04974185675382614,1:58:629,0.6705065965652466,0.0,0.0,neutro
0.5098039507865906,0.0,6623,-0.199641615152359,74.48965454101562,0.21717633306980133,0.7702309489250183,-0.3254915177822113,0.1932372748851776,0.3498305678367615,0.41442516446113586,0.24346238374710083,23.362703323364258,22.89797019958496,24.007169723510742,23.455488204956055,95.66120910644531,91.15750885009766,101.90679931640625,96.56041717529297,34.0,47.0,0.43602702021598816,1:59:652,0.6743082404136658,0.0,0.0,neutro
0.5215686559677124,0.0,7724,-0.13884299993515015,87.13506317138672,0.3535650968551636,0.924274206161499,0.05533088743686676,0.10263074189424515,0.25531646609306335,0.3607940375804901,0.2580866515636444,23.30261993408203,22.84429168701172,23.96453094482422,23.41757583618164,95.07938385009766,90.63766479492188,101.4940414428711,96.19345092773438,34.0,47.0,0.3954063355922699,2:00:672,0.6788970828056335,0.0,0.0,neutro_alto_grip
0.5411764979362488,0.0,5865,-0.09883340448141098,100.71795654296875,0.28477007150650024,0.8012996315956116,-0.13394004106521606,0.1047767922282219,0.24574872851371765,0.2728557884693146,0.25472328066825867,23.24188995361328,22.790538787841797,23.921245574951172,23.37967300415039,94.4920425415039,90.11790466308594,101.07588958740234,95.82737731933594,34.0,47.0,0.30981600284576416,2:01:695,0.684453010559082,0.0,0.0,neutro
0.5411764979362488,0.0,6376,-0.2785104513168335,107.77552795410156,0.15666134655475616,2.0342626571655273,0.015305167995393276,0.8733174800872803,0.992996335029602,0.7443423867225647,0.6989259123802185,23.18088722229004,22.743009567260742,23.875886917114258,23.3457088470459,93.90237426757812,89.65866088867188,100.63800811767578,95.49971008300781,34.0,47.0,0.708979070186615,2:02:694,0.6899584531784058,0.0,0.0,neutro_alto_grip
0.5411764979362488,0.0,6590,-0.009481754153966904,113.81494140625,0.24511411786079407,0.10379577428102493,-0.07992589473724365,0.05776636302471161,0.08090832829475403,0.1667761653661728,0.16319617629051208,23.120838165283203,22.704864501953125,23.83098602294922,23.316429138183594,93.32071685791016,89.28926849365234,100.20320892333984,95.21635437011719,34.0,47.0,0.03194211423397064,2:03:717,0.695696234703064,0.0,0.0,neutro
0.5490196347236633,0.0,7036,-0.09883340448141098,121.4428939819336,0.22091621160507202,0.8998745083808899,0.014501201920211315,0.13730616867542267,0.2740592956542969,0.19670304656028748,0.21284398436546326,23.060436248779297,22.667972564697266,23.786460876464844,23.287181854248047,92.73546600341797,88.93186950683594,99.77185821533203,94.93299865722656,34.0,47.0,0.2642125189304352,2:04:737,0.7018293738365173,0.0,0.0,neutro
0.5490196347236633,0.0,7444,-0.16288532316684723,127.321044921875,0.25504833459854126,2.0671746730804443,0.12217316776514053,0.5018377304077148,0.6338216662406921,0.500186026096344,0.5432617664337158,22.99919891357422,22.640213012695312,23.73981475830078,23.263442993164062,92.14141082763672,88.66231536865234,99.31914520263672,94.70237731933594,34.0,47.0,0.5503113865852356,2:05:757,0.7082629799842834,0.0,0.0,neutro_alto_grip
0.5686274766921997,0.0,7950,0.0,135.82107543945312,0.09654173254966736,0.01688980497419834,0.04054415225982666,0.07275176048278809,0.06748918443918228,0.25628530979156494,0.24314528703689575,22.942012786865234,22.61288833618164,23.69687271118164,23.241371154785156,91.58631134033203,88.39663696289062,98.90191650390625,94.48750305175781,34.0,47.0,-0.00451936898753047,2:06:759,0.7150923013687134,0.0,0.0,neutro
0.6000000238418579,0.0,6550,0.0,147.10716247558594,0.3617434799671173,-0.04578714445233345,-0.30542173981666565,0.05979446321725845,0.057002801448106766,0.16099542379379272,0.15070277452468872,22.88648223876953,22.58238983154297,23.655868530273438,23.21682357788086,91.04692077636719,88.09988403320312,98.50318145751953,94.248291015625,34.0,47.0,0.0014179236022755504,2:07:782,0.7228763103485107,0.0,0.0,neutro
0.5960784554481506,0.0,6930,-0.04525768384337425,155.35484313964844,0.24879518151283264,0.8925822377204895,-0.04779360815882683,0.08739648759365082,0.21312738955020905,0.1777072548866272,0.2651371657848358,22.829456329345703,22.552486419677734,23.614303588867188,23.19308090209961,90.49230194091797,87.80826568603516,98.09810638427734,94.01612091064453,34.0,47.0,0.22173643112182617,2:08:802,0.7310227155685425,0.0,0.0,neutro
0.364705890417099,0.0,6985,0.0,157.953369140625,-0.04138544946908951,-0.01463951263576746,0.00014448989531956613,0.0658831000328064,0.06799247115850449,0.11673600226640701,0.11425986886024475,22.772781372070312,22.52127456665039,23.57221221923828,23.167926788330078,89.94261169433594,87.50531005859375,97.68970489501953,93.77184295654297,34.0,47.0,-0.0033037583343684673,2:09:822,0.7395845055580139,0.0,0.0,neutro
1.0,0.0,7392,1.0,159.630126953125,0.19753167033195496,-1.996998906135559,-0.0008231634274125099,4.427380561828613,4.30879020690918,0.7981944680213928,0.8145173192024231,22.723487854003906,22.482261657714844,23.531787872314453,23.13671112060547,89.4643783569336,87.12676239013672,97.29731750488281,93.4687728881836,34.0,47.0,-0.661370038986206,2:10:842,0.748157262802124,0.0,0.0,neutro
0.2039215862751007,0.0,7300,0.0,165.02456665039062,-0.08560831844806671,-2.090536594390869,0.011624769307672977,0.3968457579612732,0.2706146240234375,0.6051334142684937,0.4132515490055084,22.730743408203125,22.454822540283203,23.506629943847656,23.107643127441406,89.53450012207031,86.86065673828125,97.05331420898438,93.18688201904297,34.0,47.0,-0.18792973458766937,2:11:865,0.7569078207015991,0.0,0.0,neutro_alto_grip
0.0,0.0,6750,0.0,153.8354034423828,-0.2926754653453827,0.00622984953224659,-0.01490441057831049,0.06159138306975365,0.07019781321287155,0.10663677006959915,0.12257741391658783,22.761959075927734,22.44507598876953,23.48006820678711,23.084701538085938,89.83658599853516,86.7657699584961,96.79541015625,92.96406555175781,34.0,47.0,0.001979280961677432,2:12:885,0.7655477523803711,0.0,0.0,neutro
0.0,0.0,6087,-0.03625975176692009,138.8982696533203,-0.279257595539093,0.11203565448522568,-0.14973972737789154,0.019033124670386314,0.07685890048742294,0.13930970430374146,0.10926973074674606,22.78489875793457,22.4304141998291,23.45011329650879,23.05837059020996,90.05880737304688,86.6236343383789,96.50505828857422,92.70890045166016,34.0,47.0,0.09181857109069824,2:13:908,0.7738118767738342,0.0,0.0,neutro
0.5568627715110779,0.0,7037,1.0,121.03026580810547,-0.06342879682779312,-1.6999435424804688,0.09550688415765762,4.291910171508789,4.127777099609375,0.39350539445877075,0.3046848475933075,22.811946868896484,22.416038513183594,23.418975830078125,23.02914047241211,90.32150268554688,86.48489379882812,96.20401763916016,92.42626190185547,34.0,47.0,-0.319073885679245,2:14:928,0.7807618975639343,0.0,0.0,neutro
1.0,0.0,7685,1.0,125.34741973876953,0.18268901109695435,-1.7825099229812622,0.007331211119890213,4.936120510101318,4.759385108947754,1.1062325239181519,1.1078442335128784,22.88473892211914,22.410621643066406,23.396469116210938,22.998519897460938,91.02765655517578,86.43312072753906,95.98674774169922,92.13030242919922,34.0,47.0,-0.4521639049053192,2:15:948,0.7870957851409912,0.0,0.0,neutro
0.0,0.0,7136,-9.227277587342542e-06,125.06158447265625,-0.5446971654891968,-0.038249365985393524,0.25431308150291443,0.1466200053691864,0.05763194337487221,0.08797812461853027,0.053930871188640594,22.996238708496094,22.41876983642578,23.38147735595703,22.97210693359375,92.10797882080078,86.5118408203125,95.84119415283203,91.87409973144531,34.0,47.0,0.09041350334882736,2:16:968,0.7937586903572083,0.0,0.0,neutro
1.0,0.0,6867,1.0,110.75064086914062,0.32107704877853394,-1.6936876773834229,0.04093029350042343,4.174784183502197,4.008114814758301,0.9098155498504639,1.11748468875885,23.105167388916016,22.433700561523438,23.362995147705078,22.94772720336914,93.16324615478516,86.65630340576172,95.66179656982422,91.63758087158203,34.0,47.0,-0.7079770565032959,2:18:009,0.8001815676689148,0.0,0.0,neutro
1.0,0.0,7051,1.0,117.66229248046875,0.0694790780544281,-1.8464076519012451,0.029960941523313522,4.476065158843994,4.2894158363342285,0.8401315808296204,0.8299512267112732,23.24862289428711,22.454540252685547,23.354049682617188,22.922054290771484,94.55332946777344,86.8581314086914,95.57498168945312,91.38864135742188,34.0,47.0,-0.5970243811607361,2:19:032,0.8062497973442078,0.0,0.0,neutro
1.0,0.0,4246,1.0,113.01318359375,-0.17935669422149658,-1.8295713663101196,-0.005978760309517384,6.770310878753662,6.598617076873779,2.487645387649536,2.4242520332336426,23.42571258544922,22.487369537353516,23.354434967041016,22.90353012084961,96.27056884765625,87.17723846435547,95.57982635498047,91.21018981933594,34.0,47.0,-0.44015541672706604,2:20:052,0.8115981221199036,0.0,0.0,neutro
0.0,0.0,6608,-0.3914397954940796,114.50322723388672,0.31484630703926086,-0.48641276359558105,-0.12417867034673691,0.31411415338516235,0.471854031085968,0.6774005889892578,0.4774472415447235,23.637191772460938,22.532413482666016,23.368427276611328,22.89065170288086,98.3198471069336,87.61369323730469,95.71529388427734,91.08528900146484,34.0,47.0,-0.17736023664474487,2:21:072,0.81778484582901,0.0,0.0,neutro
0.0,0.27450981736183167,5814,-1.0,109.22171020507812,-0.8510125875473022,0.5964940786361694,-0.3627321422100067,5.029202938079834,0.0,0.0,0.0,23.84842872619629,22.6052303314209,23.377565383911133,22.88508415222168,100.36714172363281,88.31950378417969,95.8040771484375,91.03148651123047,34.0,47.0,0.2667224705219269,2:22:092,0.8244462609291077,0.0,0.0,sottosterzo
1.0,0.0,5541,-1.0,90.45893859863281,-0.11609487235546112,1.0787060260772705,-0.44574540853500366,3.5047216415405273,4.326290130615234,1.5619686841964722,0.0,24.056880950927734,22.70714569091797,23.384990692138672,22.87890625,102.3858871459961,89.30604553222656,95.87481689453125,90.9705581665039,34.0,47.0,1.018750548362732,2:23:133,0.8287014961242676,0.0,0.0,sottosterzo
0.8941177129745483,0.0,6032,-4.808069206774235e-06,64.99739837646484,-0.03903044015169144,-0.49312710762023926,0.4301348030567169,0.7682321071624756,0.611768364906311,0.2864222824573517,0.25437551736831665,24.254770278930664,22.82793617248535,23.39222526550293,22.882532119750977,104.30259704589844,90.47578430175781,95.9440689086914,91.00485229492188,34.0,47.0,0.38381707668304443,2:24:156,0.8323764204978943,0.0,0.0,neutro
1.0,0.0,6940,0.0,77.41917419433594,0.9281789660453796,0.24388457834720612,0.4505310356616974,0.0,0.14160671830177307,0.6686503887176514,0.6983873844146729,24.438074111938477,22.949010848999023,23.39799690246582,22.887998580932617,106.0799560546875,91.64994812011719,96.00091552734375,91.05870056152344,34.0,47.0,-0.05695612356066704,2:25:155,0.8352756500244141,0.0,0.0,neutro
0.0,0.0,4787,1.0,83.4982681274414,-0.4735201299190521,-1.6083651781082153,-0.04780888557434082,3.810199737548828,3.5425381660461426,0.4802085757255554,0.3435543179512024,24.606285095214844,23.059879302978516,23.403778076171875,22.893688201904297,107.71057891845703,92.72472381591797,96.05736541748047,91.11421203613281,34.0,47.0,-0.6752066612243652,2:26:178,0.8394564986228943,0.0,0.0,neutro
1.0,0.0,5839,-1.0,92.22652435302734,0.06859497725963593,1.3838889598846436,-0.10277199745178223,0.0,4.130745887756348,0.0,0.9983382225036621,24.769437789916992,23.169618606567383,23.406652450561523,22.899389266967773,109.29187774658203,93.7884292602539,96.08540344238281,91.16967010498047,34.0,47.0,0.84261554479599,2:27:198,0.8443433046340942,0.0,0.0,sottosterzo
1.0,0.0,5211,-1.0,84.28060913085938,0.34432023763656616,1.5133007764816284,0.010947837494313717,4.746858596801758,4.777047634124756,1.2344390153884888,1.1861224174499512,24.92221450805664,23.29836654663086,23.409469604492188,22.91250228881836,110.77189636230469,95.03560638427734,96.1123046875,91.2962875366211,34.0,47.0,0.2620013952255249,2:28:221,0.8491896390914917,0.0,0.0,sottosterzo
0.0,0.0,5077,0.0,89.05485534667969,-0.16754747927188873,-0.004581472370773554,-0.009254058822989464,0.07013347744941711,0.075750932097435,0.10900743305683136,0.11006703972816467,25.066665649414062,23.446796417236328,23.411800384521484,22.929580688476562,112.17164611816406,96.47398376464844,96.13484191894531,91.4618148803711,34.0,47.0,-0.0019067201064899564,2:29:241,0.8540626168251038,0.0,0.0,neutro
0.0,0.0,4759,-4.808082849194761e-06,83.42440795898438,-0.14586158096790314,-0.004978952929377556,-0.017371300607919693,0.07092785090208054,0.0763871818780899,0.10684946924448013,0.1100674495100975,25.194168090820312,23.58165740966797,23.409473419189453,22.941734313964844,113.40725708007812,97.78092956542969,96.11233520507812,91.57962799072266,34.0,47.0,-0.0012381885899230838,2:30:261,0.8589528799057007,0.0,0.0,neutro
0.22745099663734436,0.0,4710,-0.11756591498851776,81.9883041381836,-0.015744121745228767,0.7092943787574768,-0.018655337393283844,0.06832734495401382,0.21511352062225342,0.10158327966928482,0.22133147716522217,25.305763244628906,23.701744079589844,23.402679443359375,22.948368072509766,114.48837280273438,98.9443588256836,96.04619598388672,91.64366149902344,34.0,47.0,0.3199325203895569,2:31:281,0.8635028004646301,0.0,0.0,neutro
0.2392157018184662,0.0,4680,0.003646910423412919,81.59355163574219,-0.006340426858514547,-0.018004851415753365,0.024138489738106728,0.0804685652256012,0.06800346076488495,0.10514320433139801,0.10464994609355927,25.401559829711914,23.80805778503418,23.39237403869629,22.951345443725586,115.41688537597656,99.9747543334961,95.94648742675781,91.6726303100586,34.0,47.0,-0.0033482436556369066,2:32:283,0.867872953414917,0.0,0.0,neutro
0.32549020648002625,0.0,4581,-3.495983236234679e-08,79.60755920410156,0.08381740003824234,-0.008016226813197136,-0.00118144485168159,0.07185166329145432,0.0767798125743866,0.11474274098873138,0.11473497003316879,25.486473083496094,23.901599884033203,23.378944396972656,22.950489044189453,116.23983764648438,100.88128662109375,95.81639099121094,91.66437530517578,34.0,47.0,-0.0016895182197913527,2:33:303,0.8721613883972168,0.0,0.0,neutro
0.5843137502670288,0.0,5000,-8.373686455342977e-07,86.24085235595703,0.2759789526462555,-0.007903771474957466,-0.06214417517185211,0.07333061099052429,0.07568279653787613,0.1632240116596222,0.1648125946521759,25.55797576904297,23.982681274414062,23.36236572265625,22.945674896240234,116.9324722290039,101.66680908203125,95.65557861328125,91.6175537109375,34.0,47.0,-0.0017891681054607034,2:34:326,0.8765354156494141,0.0,0.0,neutro
0.7843137979507446,0.0,6234,-0.13884299993515015,105.70791625976562,0.5888733267784119,0.865623414516449,-0.06573367118835449,0.2708684504032135,0.4074351489543915,0.38630032539367676,0.2971107065677643,25.616588592529297,24.052276611328125,23.344257354736328,22.93862533569336,117.50041961669922,102.34119415283203,95.48004150390625,91.54923248291016,34.0,47.0,0.2959483861923218,2:35:346,0.8816387057304382,0.0,0.0,neutro
1.0,0.0,8265,-3.495983236234679e-08,137.31837463378906,0.9916637539863586,-0.02543572150170803,-0.013212037272751331,0.07256001979112625,0.07427407056093216,0.5493865013122559,0.5481873154640198,25.663238525390625,24.111087799072266,23.32897186279297,22.934707641601562,117.95343780517578,102.91191864013672,95.33261108398438,91.51188659667969,34.0,47.0,-0.005461369641125202,2:36:366,0.8881483674049377,0.0,0.0,neutro
1.0,0.0,7196,1.0,152.56277465820312,-0.011396377347409725,-1.9606271982192993,-0.11215690523386002,5.47098445892334,5.185998439788818,1.3406802415847778,1.270830512046814,25.715497970581055,24.161264419555664,23.323518753051758,22.93180274963379,118.4626235961914,103.40038299560547,95.28175354003906,91.48560333251953,34.0,47.0,-0.3916465640068054,2:37:386,0.896429717540741,0.0,0.0,neutro
1.0,0.0,7563,1.0,158.03680419921875,0.26012399792671204,-1.8100683689117432,-0.03458529710769653,5.0872039794921875,4.806514739990234,1.1890507936477661,1.1820707321166992,25.825164794921875,24.2205810546875,23.335464477539062,22.933773040771484,119.52645111083984,103.97610473632812,95.3982925415039,91.5053939819336,34.0,47.0,-0.4175450801849365,2:38:409,0.9047486186027527,0.0,0.0,neutro
1.0,0.0,7716,1.0,162.55484008789062,0.3301718831062317,-1.9478648900985718,0.05884569510817528,4.990067481994629,4.716683864593506,1.0612404346466064,1.0505703687667847,25.991540908813477,24.293603897094727,23.36039161682129,22.9393367767334,121.13965606689453,104.68444061279297,95.64041900634766,91.55986785888672,34.0,47.0,-0.40307852625846863,2:39:429,0.9132844805717468,0.0,0.0,neutro
0.0,0.0,7331,-1.0,167.17845153808594,-0.624046266078949,2.0051028728485107,-0.06695935130119324,4.277177333831787,4.240189552307129,0.4141683578491211,0.6120112538337708,26.209186553955078,24.383045196533203,23.396953582763672,22.952930450439453,123.2476577758789,105.55027770996094,95.99390411376953,91.69075012207031,34.0,47.0,0.929038941860199,2:40:449,0.9219955205917358,0.0,0.0,sottosterzo
0.0,0.0,6628,-1.6159930964931846e-05,151.835693359375,-0.26304832100868225,0.14368923008441925,-0.26921331882476807,0.027703633531928062,0.13535013794898987,0.07939254492521286,0.19031520187854767,26.418045043945312,24.49771499633789,23.42438507080078,22.97205352783203,125.27001190185547,106.66014862060547,96.25853729248047,91.87501525878906,34.0,47.0,-0.004651987925171852,2:41:472,0.930597186088562,0.0,0.0,neutro
0.0,0.0,6054,1.0,137.9298095703125,-0.5741433501243591,-2.1317801475524902,0.07327567785978317,4.600171089172363,4.333828449249268,0.6477341651916504,0.45261499285697937,26.605195999145508,24.589563369750977,23.44542121887207,22.980642318725586,127.08341979980469,107.54999542236328,96.46218872070312,91.95806884765625,34.0,47.0,-0.6068511605262756,2:42:474,0.939623236656189,0.0,0.0,neutro
0.5254902243614197,0.0,7317,1.0,125.20277404785156,-0.05844653770327568,-1.6062188148498535,-0.04115380346775055,4.693737030029297,4.382439613342285,0.4799288511276245,0.4220990836620331,26.810766220092773,24.67786979675293,23.468175888061523,22.981557846069336,129.0775604248047,108.4073257446289,96.68402099609375,91.9681167602539,34.0,47.0,-0.4614800810813904,2:43:494,0.9452365636825562,0.0,0.0,neutro
0.5843137502670288,0.0,6705,1.0,40.81028366088867,-0.044078659266233444,-0.13923560082912445,-1.054553508758545,0.0,0.0,0.0,0.0,27.036575317382812,24.770721435546875,23.48712158203125,22.981922149658203,131.2692413330078,109.30976867675781,96.8697738647461,91.97370147705078,34.0,47.0,-0.575095534324646,2:44:514,0.9487231969833374,0.0,0.0,neutro
0.7921569347381592,0.0,4907,0.0,53.67112731933594,0.803661584854126,-0.010455245152115822,0.0027793822810053825,0.08155364543199539,0.08786450326442719,0.5123331546783447,0.484014630317688,27.24681282043457,24.8563289642334,23.50493049621582,22.985506057739258,133.3059844970703,110.13886260986328,97.04190063476562,92.00794982910156,34.0,47.0,0.0024247877299785614,2:45:555,0.9503076672554016,0.0,0.0,neutro
1.0,0.0,7687,-0.4290650486946106,83.78022766113281,0.23987331986427307,2.079676628112793,0.04539300873875618,1.473055124282837,1.0732413530349731,1.208423137664795,0.9114192724227905,27.433887481689453,24.929645538330078,23.52017593383789,22.988006591796875,135.11778259277344,110.84842681884766,97.1888656616211,92.03145599365234,34.0,47.0,0.7055137157440186,2:46:557,0.9527291655540466,0.0,0.0,neutro
1.0,0.0,4320,1.0,77.92731475830078,0.42852139472961426,1.6278095245361328,-0.04340972378849983,1.0044177770614624,1.102118968963623,6.401175498962402,6.397339344024658,27.600605010986328,24.999713897705078,23.539119720458984,23.004032135009766,136.73243713378906,111.52676391601562,97.3718490600586,92.18619537353516,34.0,47.0,0.21657638251781464,2:47:577,0.9570968747138977,0.0,0.0,sovrasterzo
1.0,0.0,2596,-1.0,63.4334716796875,0.27017292380332947,-0.946471095085144,-0.39106181263923645,5.453955173492432,0.0,18.73575782775879,0.0,27.751262664794922,25.066143035888672,23.575057983398438,23.040836334228516,138.19093322753906,112.1693344116211,97.71916198730469,92.54199981689453,34.0,47.0,-1.4834792613983154,2:48:618,0.9610490798950195,0.0,0.0,neutro
1.0,0.0,7043,-1.0,29.27553939819336,0.5439438223838806,-1.5811651945114136,0.07038447260856628,4.9755635261535645,0.0,7.195454120635986,4.6908063888549805,27.896793365478516,25.129905700683594,23.647701263427734,23.084842681884766,139.59986877441406,112.78621673583984,98.42227935791016,92.9676742553711,34.0,47.0,1.0557045936584473,2:49:638,0.963371217250824,0.0,0.0,neutro
1.0,0.0,3439,-8.440110832452774e-10,33.58006286621094,0.3071421682834625,-0.45933452248573303,-0.04719448834657669,2.8100414276123047,2.2078793048858643,0.9187815189361572,0.2141750603914261,28.03453826904297,25.18573760986328,23.727924346923828,23.133159637451172,140.93434143066406,113.3270034790039,99.199462890625,93.43571472167969,34.0,47.0,0.6862906217575073,2:50:661,0.9645403623580933,0.0,0.0,sottosterzo
0.8588235974311829,0.0,8576,0.5117576122283936,41.283058166503906,0.36124011874198914,-1.1143821477890015,0.1865725964307785,1.551314115524292,1.3759526014328003,0.25832274556159973,0.10036768764257431,28.153087615966797,25.232807159423828,23.798900604248047,23.17487335205078,142.08248901367188,113.78263092041016,99.88685607910156,93.83955383300781,34.0,47.0,0.0861436203122139,2:51:681,0.9665728211402893,0.0,0.0,neutro_alto_grip
1.0,0.0,2798,-1.0,46.86745071411133,0.2316967397928238,1.321869134902954,-0.07067319005727768,1.954218864440918,2.3529133796691895,1.134939432144165,0.45515426993370056,28.25832176208496,25.27665138244629,23.86229133605957,23.21107292175293,143.10150146484375,114.2069091796875,100.5007095336914,94.18987274169922,34.0,47.0,1.040960431098938,2:52:704,0.9689721465110779,0.0,0.0,sottosterzo
1.0,0.0,5028,-1.0,54.8743896484375,0.7103267312049866,0.8671557307243347,-0.007623748388141394,3.9863717555999756,4.1518144607543945,1.1070865392684937,0.8171563744544983,28.352764129638672,25.31707000732422,23.91968536376953,23.242538452148438,144.01585388183594,114.59794616699219,101.0563735961914,94.49435424804688,34.0,47.0,0.31633827090263367,2:53:724,0.9715893864631653,0.0,0.0,sottosterzo
1.0,0.0,5958,1.0,66.02311706542969,0.3462006151676178,-1.3442943096160889,0.001182086649350822,3.568415403366089,3.1556520462036133,0.6289798021316528,1.124697208404541,28.437114715576172,25.35686492919922,23.970584869384766,23.270565032958984,144.8325958251953,114.98312377929688,101.54923248291016,94.7656021118164,34.0,47.0,-0.8337206244468689,2:54:744,0.9747766256332397,0.0,0.0,neutro
1.0,0.0,7368,1.0,79.36247253417969,0.4597623646259308,-1.2799538373947144,-0.01188955269753933,3.9764769077301025,3.5576627254486084,0.7757385969161987,1.2294095754623413,28.517066955566406,25.399093627929688,24.017242431640625,23.296512603759766,145.60707092285156,115.39208221435547,102.00120544433594,95.01688385009766,34.0,47.0,-0.7310752272605896,2:55:767,0.9785844087600708,0.0,0.0,neutro
0.0,0.0,6980,-0.6337102651596069,80.9211654663086,-0.5271958708763123,1.3127083778381348,0.0179886557161808,2.0929245948791504,2.0750269889831543,0.1077083945274353,0.2740224003791809,28.59473419189453,25.44119644165039,24.059799194335938,23.319530487060547,146.3595733642578,115.8000259399414,102.4134750366211,95.23986053466797,34.0,47.0,0.4651547074317932,2:56:787,0.9830120205879211,0.0,0.0,sottosterzo
0.20784315466880798,0.0,7759,0.0,89.64010620117188,-0.054643675684928894,0.0023542060516774654,-0.001499292440712452,0.0802026242017746,0.07333577424287796,0.10450786352157593,0.10314296185970306,28.65726089477539,25.475055694580078,24.095752716064453,23.33779525756836,146.9655303955078,116.12818145751953,102.76191711425781,95.4168701171875,34.0,47.0,0.0011215695412829518,2:57:810,0.9876757264137268,0.0,0.0,neutro
0.0,0.0,6925,0.0,80.75265502929688,-0.30295807123184204,-0.0027587299700826406,-0.015824558213353157,0.08113793283700943,0.0718933716416359,0.14397606253623962,0.14141945540905,28.70294952392578,25.49840545654297,24.12396240234375,23.350547790527344,147.40846252441406,116.35457611083984,103.03536224365234,95.54056549072266,34.0,47.0,0.0012429901398718357,2:58:812,0.9922528862953186,0.0,0.0,neutro
0.0,1.0,2567,0.0,50.82538604736328,-1.7747678756713867,-0.002018402563408017,-0.00775451585650444,10.422686576843262,5.832590579986572,3.9193267822265625,3.867445230484009,28.735992431640625,25.512939453125,24.14571762084961,23.358505249023438,147.728759765625,116.49547576904297,103.24627685546875,95.61770629882812,34.0,47.0,-0.018020061776041985,2:59:832,0.9961738586425781,0.0,0.0,neutro
0.0,0.0,2356,0.0,5.652732849121094,-0.6496431231498718,-0.02517971582710743,-0.0076759434305131435,0.3099537789821625,0.34328681230545044,0.3249412775039673,0.32291170954704285,28.77336311340332,25.53354835510254,24.16927146911621,23.36979103088379,148.0909881591797,116.69518280029297,103.47455596923828,95.72711944580078,34.0,47.0,0.003018878633156419,3:00:852,0.9973994493484497,0.0,0.0,neutro
0.0,0.0,2350,0.0,5.525315284729004,-0.00416945107281208,-6.799033144488931e-05,7.391413873847341e-06,0.08435802161693573,0.07427549362182617,0.10606184601783752,0.0988553836941719,28.7940616607666,25.545621871948242,24.18337059020996,23.37644386291504,148.29151916503906,116.81218719482422,103.61115264892578,95.79155731201172,34.0,47.0,-8.827328565530479e-05,3:01:551,0.99760901927948,0.0,0.0,neutro
0.0,0.0,2350,0.0,5.525315284729004,-0.00416945107281208,-6.799033144488931e-05,7.391413873847341e-06,0.08435802161693573,0.07427549362182617,0.10606184601783752,0.0988553836941719,28.7940616607666,25.545621871948242,24.18337059020996,23.37644386291504,148.29151916503906,116.81218719482422,103.61115264892578,95.79155731201172,34.0,47.0,-8.827328565530479e-05,3:01:551,0.99760901927948,0.0,0.0,neutro
